{
  "module_names": [
    {
      "branches": 2,
      "branches_missing": 2,
      "branches_partial": 0,
      "coverage": 0.0,
      "lines": [
        2,
        5,
        6
      ],
      "lines_not_covered": [
        2,
        5,
        6
      ],
      "module": "main",
      "sum_lines": 3,
      "sum_lines_not_covered": 3
    },
    {
      "branches": 0,
      "branches_missing": 0,
      "branches_partial": 0,
      "coverage": 22.22222222222222,
      "lines": [
        1,
        2,
        3,
        4,
        5,
        6,
        7,
        8,
        9
      ],
      "lines_not_covered": [
        3,
        4,
        5,
        6,
        7,
        8,
        9
      ],
      "module": "movie",
      "sum_lines": 9,
      "sum_lines_not_covered": 7
    },
    {
      "branches": 72,
      "branches_missing": 71,
      "branches_partial": 1,
      "coverage": 12.837837837837839,
      "lines": [
        1,
        2,
        3,
        4,
        6,
        7,
        9,
        11,
        12,
        13,
        14,
        15,
        16,
        18,
        19,
        20,
        21,
        22,
        24,
        25,
        26,
        28,
        29,
        30,
        31,
        32,
        34,
        35,
        36,
        37,
        38,
        40,
        41,
        42,
        43,
        45,
        46,
        47,
        48,
        49,
        50,
        51,
        52,
        53,
        54,
        55,
        56,
        57,
        59,
        61,
        62,
        63,
        64,
        65,
        66,
        67,
        69,
        70,
        72,
        73,
        74,
        75,
        76,
        78,
        79,
        80,
        81,
        82,
        83,
        84,
        86,
        87,
        91,
        92,
        93,
        95,
        98,
        99,
        100,
        101,
        103,
        104,
        105,
        106,
        107,
        108,
        109,
        110,
        111,
        112,
        114,
        116,
        117,
        118,
        119,
        121,
        122,
        123,
        124,
        125,
        126,
        127,
        128,
        129,
        130,
        132,
        134,
        135,
        136,
        137,
        139,
        140,
        141,
        142,
        143,
        144,
        146,
        147,
        148,
        150,
        151,
        152,
        153,
        154,
        155,
        156,
        157,
        159,
        161,
        163,
        164,
        165,
        167,
        168,
        169,
        171,
        172,
        173,
        174,
        175,
        176,
        177,
        178,
        180,
        182,
        183,
        184,
        186,
        188,
        189,
        190,
        191,
        192,
        194,
        195,
        196,
        197,
        198,
        200,
        202,
        203,
        204,
        205,
        206,
        208,
        209,
        210,
        211,
        212,
        213,
        215,
        217,
        218,
        219,
        220,
        221,
        223,
        224,
        225,
        226,
        227,
        228,
        229,
        230,
        231,
        233,
        235,
        236,
        237,
        238,
        239,
        240,
        241,
        242,
        244,
        245,
        246,
        248,
        250,
        251,
        252,
        253,
        254,
        255,
        256,
        257,
        259,
        260,
        261,
        263,
        264,
        265,
        266,
        267,
        268,
        269,
        270,
        271,
        272,
        274,
        275,
        276,
        277,
        278,
        279,
        281,
        282,
        283,
        285,
        288,
        290,
        291,
        293,
        294,
        295,
        302,
        303,
        305,
        306,
        307,
        308,
        309,
        310,
        311,
        313,
        315,
        316,
        317,
        318,
        319,
        320,
        321,
        322,
        324,
        333,
        334,
        336,
        337,
        338,
        339,
        340,
        341,
        342,
        343,
        345,
        347,
        348,
        349,
        351,
        354,
        356,
        357,
        359,
        360,
        361,
        362,
        363,
        364,
        365,
        366,
        368,
        369,
        370,
        372,
        374,
        375,
        377,
        378,
        384,
        385,
        387,
        388,
        389,
        390,
        391,
        392
      ],