{
  "module_names": [
    {
      "branches": 2,
      "branches_missing": 2,
      "branches_partial": 0,
      "coverage": 0.0,
      "lines": [
        2,
        5,
        6
      ],
      "lines_not_covered": [
        2,
        5,
        6
      ],
      "module": "main",
      "sum_lines": 3,
      "sum_lines_not_covered": 3
    },
    {
      "branches": 0,
      "branches_missing": 0,
      "branches_partial": 0,
      "coverage": 22.22222222222222,
      "lines": [
        1,
        2,
        3,
        4,
        5,
        6,
        7,
        8,
        9
      ],
      "lines_not_covered": [
        3,
        4,
        5,
        6,
        7,
        8,
        9
      ],
      "module": "movie",
      "sum_lines": 9,
      "sum_lines_not_covered": 7
    },
    {
      "branches": 76,
      "branches_missing": 75,
      "branches_partial": 1,
      "coverage": 12.269938650306749,
      "lines": [
        1,
        2,
        3,
        4,
        5,
        7,
        8,
        10,
        11,
        12,
        13,
        14,
        15,
        16,
        18,
        19,
        21,
        22,
        24,
        26,
        27,
        28,
        29,
        30,
        31,
        32,
        33,
        34,
        35,
        36,
        37,
        38,
        39,
        40,
        41,
        42,
        44,
        45,
        47,
        48,
        49,
        50,
        51,
        53,
        54,
        55,
        57,
        58,
        59,
        60,
        61,
        63,
        64,
        65,
        66,
        67,
        68,
        69,
        71,
        72,
        74,
        75,
        76,
        77,
        78,
        80,
        81,
        82,
        83,
        84,
        86,
        87,
        88,
        89,
        91,
        92,
        93,
        94,
        95,
        96,
        97,
        99,
        100,
        104,
        105,
        106,
        108,
        110,
        111,
        112,
        113,
        114,
        116,
        117,
        118,
        119,
        120,
        121,
        122,
        123,
        124,
        125,
        126,
        127,
        128,
        129,
        131,
        133,
        134,
        135,
        136,
        137,
        139,
        140,
        141,
        142,
        143,
        144,
        145,
        146,
        147,
        148,
        149,
        150,
        151,
        152,
        154,
        156,
        157,
        158,
        159,
        161,
        162,
        163,
        164,
        165,
        166,
        168,
        169,
        170,
        172,
        173,
        174,
        175,
        176,
        177,
        178,
        179,
        181,
        183,
        185,
        186,
        187,
        189,
        190,
        191,
        193,
        194,
        195,
        196,
        197,
        198,
        199,
        200,
        202,
        204,
        205,
        206,
        208,
        210,
        211,
        212,
        213,
        214,
        216,
        217,
        218,
        219,
        220,
        221,
        223,
        225,
        226,
        227,
        228,
        229,
        230,
        232,
        233,
        234,
        235,
        236,
        237,
        238,
        239,
        240,
        242,
        243,
        245,
        246,
        247,
        248,
        249,
        251,
        252,
        253,
        254,
        255,
        256,
        257,
        258,
        259,
        260,
        261,
        262,
        264,
        266,
        267,
        268,
        269,
        270,
        271,
        272,
        273,
        275,
        276,
        277,
        279,
        281,
        282,
        283,
        284,
        285,
        286,
        287,
        288,
        290,
        291,
        292,
        294,
        295,
        296,
        297,
        298,
        299,
        300,
        301,
        302,
        303,
        305,
        306,
        307,
        308,
        309,
        310,
        312,
        313,
        314,
        316,
        319,
        321,
        322,
        324,
        325,
        326,
        333,
        334,
        336,
        337,
        338,
        339,
        340,
        341,
        342,
        344,
        346,
        347,
        348,
        349,
        350,
        351,
        352,
        353,
        355,
        364,
        365,
        367,
        368,
        369,
        370,
        371,
        372,
        373,
        374,
        376,
        378,
        379,
        380,
        382,
        385,
        387,
        388,
        390,
        391,
        392,
        393,
        394,
        395,
        396,
        397,
        399,
        400,
        401,
        403,
        405,
        406,
        408,
        409,
        415,
        416,
        418,
        419,
        420,
        421,
        422,
        423
      ],